{
  "margins": {
    "top": 141.7325,
    "right": 99.21275,
    "left": 155.90575,
    "bottom": 56.693
  },
  "size": "A4"
}
